epoch,train_acc_rel,train_acc_norel,test_acc_rel,test_acc_norel
1,99.65130071989529,99.96011943717278,88.11383928571429,99.16294642857143
2,99.58381053664921,99.93046465968587,87.44419642857143,99.16294642857143
3,99.7136780104712,99.97852585078535,88.44866071428571,99.10714285714286
4,99.64618782722513,99.98261616492147,87.83482142857143,99.05133928571429
5,99.61960078534031,99.9642097513089,87.38839285714286,99.38616071428571
